2017-01-01,916.938000000,953.899000000,907.830000000,946.754000000,6509.071534760000
2017-01-02,947.210000000,984.011000000,943.000000000,971.760000000,10359.898811380000
2017-01-03,972.960000000,995.900000000,960.200000000,994.010000000,7976.855283090000
2017-01-04,994.010000000,1089.000000000,993.069000000,1069.600000000,21457.331901360000
2017-01-05,1069.777000000,1087.430000000,895.200000000,948.800000000,33117.821991590000
2017-01-06,948.800000000,978.999000000,827.720000000,852.690000000,24215.029601490000
2017-01-07,852.690000000,862.117000000,771.000000000,862.117000000,19180.757921700000
2017-01-08,862.426000000,891.840000000,844.230000000,868.999000000,8219.538627320000
2017-01-09,868.000000000,868.000000000,831.691000000,858.000000000,7449.442525430000
2017-01-10,858.824000000,874.000000000,854.381000000,863.612000000,5309.588049870000
2017-01-11,865.000000000,876.000000000,741.000000000,749.216000000,24876.273258170000
2017-01-12,750.998000000,791.220000000,716.312000000,764.990000000,18424.713841380000
2017-01-13,764.990000000,791.220000000,737.780000000,783.497000000,11167.617069690000
2017-01-14,783.525000000,797.300000000,763.113000000,770.930000000,5603.219552620000
2017-01-15,770.930000000,783.369000000,765.000000000,777.989000000,3263.657320880000
2017-01-16,777.989000000,799.000000000,770.111000000,792.666000000,6631.924263360000
2017-01-17,794.274000000,859.000000000,790.496000000,853.484000000,12539.418264530000
2017-01-18,853.485000000,860.000000000,803.280000000,843.000000000,11921.554884820000
2017-01-19,843.000000000,855.000000000,832.491000000,844.421000000,7329.721958430000
2017-01-20,846.520000000,850.000000000,830.000000000,840.772000000,4581.635890890000
2017-01-21,840.697000000,870.866000000,839.440000000,864.000000000,5217.307129220000
2017-01-22,864.020000000,879.999000000,837.111000000,867.710000000,8909.254178430000
2017-01-23,867.916000000,873.660000000,852.690000000,856.950000000,4436.069716750000
2017-01-24,857.160000000,865.769000000,830.100000000,830.974000000,10296.398838910000
2017-01-25,831.000000000,843.990000000,830.223000000,836.000000000,4365.290840580000
2017-01-26,835.990000000,863.940000000,834.000000000,858.191000000,4988.566899550000
2017-01-27,858.191000000,870.269000000,852.890000000,861.599000000,4132.767786290000
2017-01-28,861.600000000,865.770000000,860.120000000,861.999000000,1560.634632800000
2017-01-29,861.999000000,862.990000000,853.260000000,855.030000000,1986.341797780000
2017-01-30,856.107000000,866.340000000,848.159000000,859.960000000,4483.344803290000
2017-01-31,860.028000000,901.249000000,859.160000000,898.860000000,8388.001411230000
2017-02-01,898.860000000,919.850000000,896.570000000,919.850000000,7231.431685890000
2017-02-02,919.849000000,942.479000000,908.100000000,939.096000000,7188.512129090000
2017-02-03,939.100000000,957.312000000,923.840000000,945.900000000,10127.636486010000
2017-02-04,945.900000000,967.416000000,933.000000000,959.010000000,6455.457160440000
2017-02-05,959.700000000,959.700000000,935.000000000,943.600000000,4880.323228840000
2017-02-06,943.889000000,959.700000000,940.000000000,952.918000000,4464.484924010000
2017-02-07,953.690000000,990.000000000,952.720000000,988.527000000,8456.104300590000
2017-02-08,988.490000000,1000.120000000,963.319000000,987.579000000,10989.310748450000
2017-02-09,987.468000000,1007.480000000,847.999000000,926.486000000,24106.615649430000
2017-02-10,926.486000000,949.000000000,886.000000000,939.765000000,11173.535049170000
2017-02-11,940.077000000,956.700000000,935.000000000,949.896000000,3834.745298470000
2017-02-12,949.895000000,953.000000000,940.300000000,945.879000000,2371.354849860000
2017-02-13,945.879000000,948.990000000,916.939000000,943.504000000,5024.597990410000
2017-02-14,943.504000000,964.160000000,935.440000000,955.661000000,7159.444230140000
2017-02-15,958.170000000,965.000000000,951.950000000,958.310000000,3874.566757310000
2017-02-16,959.200000000,988.890000000,958.110000000,979.980000000,6206.488205220000
2017-02-17,979.862000000,999.828000000,975.000000000,991.917000000,6530.572159470000
2017-02-18,991.917000000,1005.381000000,989.775000000,997.809000000,5375.209042300000
2017-02-19,997.609000000,999.799000000,976.990000000,991.000000000,3334.947853070000
2017-02-20,991.000000000,1024.970000000,985.190000000,1019.010000000,6374.649055510000
2017-02-21,1019.010000000,1063.870000000,1015.780000000,1062.990000000,11658.826638290000
2017-02-22,1062.990000000,1074.219000000,1046.680000000,1064.959000000,8117.265749450000
2017-02-23,1064.968000000,1124.484000000,1062.480000000,1114.100000000,10957.658700480000
2017-02-24,1114.100000000,1147.230000000,1071.100000000,1120.000000000,17208.310361610000
2017-02-25,1119.099000000,1122.100000000,1072.430000000,1089.340000000,7938.338829880000
2017-02-26,1089.310000000,1118.246000000,1073.140000000,1108.000000000,5860.132768440000
2017-02-27,1110.689000000,1125.000000000,1104.449000000,1123.390000000,5682.185406210000
2017-02-28,1123.390000000,1134.220000000,1109.500000000,1117.880000000,7328.553368960000
2017-03-01,1117.877000000,1164.000000000,1114.100000000,1154.304000000,8144.994524460000
2017-03-02,1155.989000000,1200.090000000,1140.549000000,1192.500000000,10653.870278570000
2017-03-03,1192.549000000,1225.000000000,1180.618600000,1209.730000000,11023.511783660000
2017-03-04,1209.728000000,1209.990000000,1157.770000000,1188.002000000,7195.138406830000
2017-03-05,1188.002000000,1197.095000000,1167.500000000,1191.690000000,3743.394673280000
2017-03-06,1191.688000000,1213.000000000,1184.712000000,1208.250000000,4793.045277310000
2017-03-07,1206.000000000,1208.900000000,1128.010000000,1164.400000000,14334.530609860000
2017-03-08,1164.699000000,1173.330000000,1063.000000000,1066.223000000,18479.489433740000
2017-03-09,1066.222000000,1137.720000000,1059.830000000,1126.311000000,11808.427261660000
2017-03-10,1126.000000000,1227.450000000,952.931000000,1044.121000000,31296.463864470000
2017-03-11,1044.080000000,1128.959000000,1032.416000000,1104.380000000,12299.252523180000
2017-03-12,1104.990000000,1159.510000000,1100.944000000,1146.440000000,7906.433708520000
2017-03-13,1147.360000000,1162.410000000,1126.100000000,1153.608000000,11864.177929690000
2017-03-14,1151.008000000,1178.000000000,1140.543000000,1164.332000000,7317.892587700000
2017-03-15,1164.499000000,1179.498000000,1160.000000000,1169.976000000,6978.593522030000
2017-03-16,1168.669000000,1168.669000000,1010.000000000,1074.189000000,23929.095025870000
2017-03-17,1074.189000000,1074.970000000,975.000000000,991.264000000,27104.889876400000
2017-03-18,991.153000000,1017.659000000,850.000000000,879.133000000,35061.163744870000
2017-03-19,879.161000000,984.419000000,876.774000000,942.701000000,18813.514321630000
2017-03-20,942.701000000,977.009000000,925.720000000,954.826000000,14129.613225060000
2017-03-21,954.826000000,1030.000000000,951.523000000,1022.987000000,15460.719022340000
2017-03-22,1026.989000000,1026.998000000,911.000000000,956.200000000,21047.777133850000
2017-03-23,958.410000000,976.110000000,935.650000000,951.510000000,9480.888144870000
2017-03-24,952.000000000,954.400000000,845.000000000,856.949000000,22547.187004740000
2017-03-25,856.438000000,886.259000000,815.824000000,876.171000000,22052.426951190000
2017-03-26,877.295000000,922.010000000,861.240000000,882.890000000,13303.241346020000
2017-03-27,882.889000000,957.662000000,874.220000000,952.991000000,14495.422750930000
2017-03-28,953.181000000,975.000000000,932.780000000,958.000000000,14457.375802220000
2017-03-29,958.000000000,975.610000000,918.930000000,962.000000000,11590.360710100000
2017-03-30,961.980000000,970.750000000,950.000000000,965.459000000,8955.579905390000
2017-03-31,965.452000000,1013.250000000,965.330000000,1006.989000000,14236.748898420000
2017-04-01,1006.990000000,1033.500000000,995.260000000,1019.457000000,8228.546727790000
2017-04-02,1018.549000000,1040.000000000,1007.110000000,1030.596000000,7980.101961820000
2017-04-03,1030.484000000,1084.266000000,1027.682000000,1073.990000000,12462.257452870000
2017-04-04,1073.990000000,1089.340000000,1050.000000000,1064.720000000,10559.592649440000
2017-04-05,1067.000000000,1069.989000000,1040.960000000,1060.001000000,8958.182835480000
2017-04-06,1061.554000000,1141.730000000,1060.353000000,1128.540000000,15249.311696620000
2017-04-07,1127.463000000,1140.000000000,1106.638000000,1124.000000000,9740.014635690000
2017-04-08,1124.000000000,1129.980000000,1097.008000000,1113.820000000,4937.186209470000
2017-04-09,1113.797000000,1142.500000000,1105.780000000,1131.071000000,6372.026031650000
2017-04-10,1131.385000000,1145.000000000,1128.090000000,1132.990000000,5532.652146460000
2017-04-11,1133.990000000,1159.510000000,1126.460000000,1149.417000000,6265.052289500000
2017-04-12,1147.922000000,1155.000000000,1133.740000000,1137.560000000,6085.745619520000
2017-04-13,1139.110000000,1141.990000000,1080.200000000,1103.000000000,12833.372464570000
2017-04-14,1102.980000000,1121.000000000,1093.000000000,1111.462000000,6612.398245740000
2017-04-15,1111.457000000,1120.000000000,1092.100000000,1096.995000000,4665.572462430000
2017-04-16,1096.995000000,1114.100000000,1095.000000000,1109.150000000,2536.493397360000
2017-04-17,1109.848000000,1130.050000000,1104.795000000,1115.597000000,5179.799205120000
2017-04-18,1115.398000000,1133.740000000,1111.320000000,1120.999000000,5510.850156220000
2017-04-19,1120.830000000,1130.490000000,1115.179000000,1127.870000000,6021.025761360000
2017-04-20,1127.850000000,1158.000000000,1119.589000000,1152.990000000,9441.966045070000
2017-04-21,1152.989000000,1166.000000000,1148.548000000,1158.367000000,6528.693465570000
2017-04-22,1158.367000000,1158.990000000,1122.480000000,1150.016000000,5744.042887730000
2017-04-23,1149.611000000,1157.990000000,1139.411000000,1143.432000000,4940.558247370000
2017-04-24,1143.111000000,1159.000000000,1141.160000000,1155.050000000,5280.997520090000
2017-04-25,1155.050000000,1174.000000000,1152.750000000,1168.857000000,6403.811205800000
2017-04-26,1169.433000000,1199.803000000,1161.100000000,1181.871000000,8924.333006230000
2017-04-27,1181.009000000,1224.570000000,1175.511000000,1213.000000000,10763.069940640000
2017-04-28,1215.994000000,1223.990000000,1179.950000000,1210.000000000,11834.985499630000
2017-04-29,1209.999000000,1219.177000000,1200.760000000,1210.622000000,6061.877219230000
2017-04-30,1210.622000000,1224.498000000,1194.780000000,1223.990000000,7318.280594360000
2017-05-01,1223.862000000,1290.000000000,1215.001000000,1252.488000000,14891.958607540000
2017-05-02,1251.238000000,1339.000000000,1248.738000000,1317.999000000,15554.934772660000
2017-05-03,1317.998000000,1385.989000000,1221.930000000,1377.390000000,13176.824520700000
2017-05-04,1377.390000000,1475.000000000,1296.414000000,1383.226000000,27794.660752920000
2017-05-05,1379.983000000,1446.750000000,1354.031000000,1374.300000000,21335.400492450000
2017-05-06,1374.240000000,1411.120000000,1370.839000000,1403.781000000,7652.983631100000
2017-05-07,1403.779000000,1419.799000000,1385.002000000,1415.173000000,9618.592864240000
2017-05-08,1413.433000000,1510.000000000,1413.433000000,1510.000000000,19005.690690770000
2017-05-09,1510.000000000,1615.000000000,1494.000000000,1571.338000000,23917.772386770000
2017-05-10,1571.338000000,1647.230000000,1543.660000000,1636.381000000,16619.462926980000
2017-05-11,1636.381000000,1731.293000000,1610.270000000,1690.100000000,19768.148105440000
2017-05-12,1690.007000000,1695.922000000,1505.640000000,1558.176000000,25525.983832610000
2017-05-13,1550.457000000,1642.815000000,1480.360000000,1638.227000000,16774.933176580000
2017-05-14,1638.870000000,1668.000000000,1608.469000000,1641.320000000,10394.285607760000
2017-05-15,1641.336000000,1647.352000000,1551.380000000,1600.944000000,16111.094952240000
2017-05-16,1598.510000000,1622.000000000,1563.572000000,1608.999000000,12482.879071440000
2017-05-17,1608.080000000,1685.000000000,1598.510000000,1649.973000000,16029.455045020000
2017-05-18,1649.990000000,1705.000000000,1638.870000000,1702.998000000,13981.925825960000
2017-05-19,1701.966000000,1754.888000000,1681.000000000,1750.100000000,16111.089850460000
2017-05-20,1750.185000000,1810.000000000,1741.328000000,1804.988000000,10598.034092410000
2017-05-21,1804.989000000,1849.999000000,1780.260000000,1801.729000000,12378.395614050000
2017-05-22,1801.729000000,1941.740000000,1757.400000000,1852.769000000,28707.536479570000
2017-05-23,1849.018000000,2110.677000000,1817.660000000,1992.001000000,19859.549160930000
2017-05-24,1992.714000000,2228.330000000,1981.841000000,2117.992000000,29015.233915860000
2017-05-25,2117.977000000,2406.200000000,1932.080000000,1984.564000000,39758.933866930000
2017-05-26,1984.564000000,2277.740000000,1834.320000000,1978.874000000,38312.058416880000
2017-05-27,1973.333000000,2041.030000000,1652.670000000,1793.839000000,37248.342914910000
2017-05-28,1793.002000000,2038.507000000,1787.164000000,1892.000000000,22658.329966120000
2017-05-29,1895.321000000,2094.994000000,1856.510000000,2041.038000000,23142.907831910000
2017-05-30,2040.000000000,2082.170000000,1893.920000000,1912.900000000,25175.780763460000
2017-05-31,1912.470000000,2080.001000000,1893.920000000,2047.967000000,21238.085873190000
2017-06-01,2047.968000000,2179.100000000,2047.968000000,2123.660000000,20217.839425430000
2017-06-02,2124.064000000,2221.640000000,2095.200000000,2217.375000000,12671.044123030000
2017-06-03,2218.043000000,2300.000000000,2177.760000000,2266.410000000,11460.480964320000
2017-06-04,2266.858000000,2285.000000000,2217.000000000,2245.000000000,9868.465851660000
2017-06-05,2245.000000000,2389.150000000,2245.000000000,2389.150000000,11542.658277840000
2017-06-06,2389.149000000,2602.900000000,2382.320000000,2549.580000000,31907.990425290000
2017-06-07,2548.033000000,2564.000000000,2370.460000000,2411.000000000,18375.133410730000
2017-06-08,2411.722000000,2510.000000000,2358.670000000,2506.673000000,13373.894243510000
2017-06-09,2508.231000000,2564.309000000,2500.112000000,2531.860000000,9353.808952910000
2017-06-10,2531.860000000,2617.231000000,2490.000000000,2508.000000000,14653.792565110000
2017-06-11,2508.949000000,2617.000000000,2500.636000000,2596.781000000,12265.132881450000
2017-06-12,2599.786000000,2618.003000000,2212.164000000,2324.560000000,28009.303668910000
2017-06-13,2324.560000000,2466.319000000,2307.555000000,2399.334000000,18057.432380540000
2017-06-14,2399.028000000,2475.110000000,2111.110000000,2206.823000000,23704.308803550000
2017-06-15,2205.527000000,2244.990000000,1925.671000000,2165.000000000,38867.089172710000
2017-06-16,2163.271000000,2535.071000000,2082.390000000,2213.885000000,17375.986055820000
2017-06-17,2213.888000000,2381.399000000,2156.150000000,2351.133000000,12455.561806140000
2017-06-18,2350.516000000,2369.245000000,2188.650000000,2226.000000000,12580.113016200000
2017-06-19,2227.000000000,2305.500000000,2202.000000000,2285.812000000,13391.562462350000
2017-06-20,2285.812000000,2485.000000000,2285.812000000,2438.571000000,19793.893822890000
2017-06-21,2438.600000000,2479.000000000,2327.000000000,2361.001000000,15347.183408320000
2017-06-22,2361.876000000,2430.319000000,2323.640000000,2392.950000000,11291.787683350000
2017-06-23,2393.656000000,2438.000000000,2382.320000000,2397.822000000,6905.370142720000
2017-06-24,2397.829000000,2425.589000000,2233.000000000,2282.413000000,10344.596085390000
2017-06-25,2282.390000000,2339.000000000,2145.420000000,2216.733000000,12819.237488620000
2017-06-26,2216.733000000,2258.869000000,1970.000000000,2135.227000000,27030.093617170000
2017-06-27,2135.227000000,2220.004000000,2000.720000000,2220.004000000,23792.440588410000
2017-06-28,2220.004000000,2277.000000000,2146.200000000,2244.462000000,13897.369799060000
2017-06-29,2245.273000000,2265.000000000,2187.130000000,2213.201000000,8356.492039480000
2017-06-30,2213.200000000,2237.989000000,2125.001000000,2142.917000000,8696.596961760000
2017-07-01,2142.917000000,2180.000000000,2075.000000000,2103.001000000,8943.447220250000
2017-07-02,2105.000000000,2218.878000000,2070.000000000,2198.830000000,9727.373819270000
2017-07-03,2198.831000000,2277.740000000,2167.370000000,2250.006000000,11247.683299180000
2017-07-04,2250.006000000,2323.639000000,2245.241000000,2291.020000000,10524.605224330000
2017-07-05,2292.452000000,2309.000000000,2226.185000000,2294.350000000,9259.269244790000
2017-07-06,2298.243000000,2301.280000000,2267.670000000,2284.691000000,5747.634462090000
2017-07-07,2284.692000000,2288.258000000,2177.093000000,2200.287000000,8644.056344730000
2017-07-08,2200.287000000,2246.830000000,2176.000000000,2242.000000000,6306.109325790000
2017-07-09,2242.000000000,2249.990000000,2201.250000000,2201.260000000,4374.158140420000
2017-07-10,2201.250000000,2211.060000000,2001.040000000,2048.310000000,16324.444131860000
2017-07-11,2048.311000000,2105.910000000,1973.820000000,2019.195000000,17279.449568740000
2017-07-12,2018.401000000,2117.000000000,1971.010000000,2087.720000000,14206.212363060000
2017-07-13,2089.034000000,2113.541000000,2030.934000000,2051.010000000,9602.798816620000
2017-07-14,2054.288000000,2061.500000000,1875.120000000,1938.351000000,15918.546377740000
2017-07-15,1932.584000000,1941.090000000,1720.000000000,1722.680000000,21051.727113270000
2017-07-16,1722.692000000,1781.000000000,1610.000000000,1670.671000000,23523.595655890000
2017-07-17,1670.671000000,1937.946000000,1669.334000000,1932.080000000,22164.559478470000
2017-07-18,1932.080000000,2092.580000000,1875.120000000,2010.999000000,21296.926631320000
2017-07-19,2011.000000000,2089.899000000,1932.080000000,1964.018000000,15418.128635650000
2017-07-20,1963.813000000,2490.000000000,1963.413000000,2435.000000000,23683.775633280000
2017-07-21,2435.000000000,2442.470000000,2251.274000000,2296.799000000,19442.660497820000
2017-07-22,2296.799000000,2466.960000000,2279.131000000,2426.024000000,11531.649807640000
2017-07-23,2426.024000000,2438.990000000,2300.610000000,2365.699000000,12301.061180640000
2017-07-24,2365.500000000,2409.999000000,2326.001000000,2387.488000000,7172.730516800000
2017-07-25,2387.482000000,2394.000000000,2126.110000000,2216.000000000,17396.307625630000
2017-07-26,2218.620000000,2243.920000000,2116.040000000,2184.990000000,11175.262611950000
2017-07-27,2184.990000000,2314.998000000,2167.000000000,2296.000000000,9952.339899540000
2017-07-28,2296.000000000,2413.700000000,2289.130000000,2383.388000000,13904.057860770000
2017-07-29,2383.276000000,2391.786000000,2300.580000000,2332.270000000,8401.166399050000
2017-07-30,2332.303000000,2382.320000000,2305.000000000,2380.000000000,7381.710996500000
2017-07-31,2380.000000000,2487.000000000,2350.000000000,2469.753000000,12389.290459190000
2017-08-01,2469.753000000,2499.997000000,2221.640000000,2328.776000000,21148.334134490000
2017-08-02,2328.776000000,2336.000000000,2248.822000000,2277.740000000,10191.388392690000
2017-08-03,2277.740000000,2384.650000000,2277.740000000,2375.999000000,8736.988421230000
2017-08-04,2375.999000000,2442.470000000,2351.200000000,2428.334000000,8830.544317140000
2017-08-05,2425.900000000,2794.560000000,2424.921000000,2762.400000000,17426.349515590000
2017-08-06,2762.499000000,2786.910000000,2671.990000000,2741.127000000,7777.385629870000
2017-08-07,2742.733000000,2889.709000000,2717.000000000,2876.340000000,11017.161922380000
2017-08-08,2876.340000000,2966.920000000,2857.000000000,2927.800000000,12254.441548090000
2017-08-09,2925.000000000,2937.180000000,2785.001000000,2872.665000000,9806.739285740000
2017-08-10,2872.555000000,2968.130000000,2850.870000000,2916.817000000,8301.981630670000
2017-08-11,2916.817000000,3153.682000000,2908.320000000,3118.381000000,10669.801372040000
2017-08-12,3118.400000000,3337.910000000,3060.005000000,3294.980000000,10965.491882860000
2017-08-13,3293.000000000,3582.902000000,3237.000000000,3468.880000000,17155.947295810000
2017-08-14,3465.910000000,3736.552000000,3400.000000000,3684.000000000,13668.391328840000
2017-08-15,3684.000000000,3752.265000000,3250.000000000,3543.038000000,20958.703012610000
2017-08-16,3543.038000000,3752.254000000,3359.001000000,3740.000000000,12893.974161060000
2017-08-17,3740.000000000,3848.960000000,3603.224000000,3636.980000000,12621.989109570000
2017-08-18,3646.000000000,3721.000000000,3365.870000000,3530.009000000,13901.346205730000
2017-08-19,3520.959000000,3699.000000000,3366.900000000,3550.810000000,7409.316741030000
2017-08-20,3560.720000000,3569.991000000,3431.200000000,3479.739000000,6771.473708190000
2017-08-21,3479.991000000,3518.797000000,3385.010000000,3398.111000000,7675.956453920000
2017-08-22,3399.000000000,3573.800000000,3079.998000000,3497.500000000,14799.687047560000
2017-08-23,3497.500000000,3664.000000000,3480.000000000,3546.000000000,8452.277596390000
2017-08-24,3549.868000000,3712.000000000,3504.688000000,3693.588000000,7848.866077690000
2017-08-25,3693.588000000,3775.000000000,3621.527000000,3678.049000000,7101.802550760000
2017-08-26,3676.090000000,3695.341000000,3269.100000000,3653.090000000,3487.987907240000
2017-08-27,3653.000000000,3694.691000000,3628.000000000,3637.600000000,3452.839267280000
2017-08-28,3637.535000000,3673.000000000,3515.230000000,3667.225000000,7576.679230450000
2017-08-29,3665.980000000,3870.000000000,3618.710000000,3809.888000000,10204.246628180000
2017-08-30,3807.300000000,3868.998000000,3750.000000000,3833.100000000,6657.766130250000
2017-08-31,3837.030000000,3999.529000000,3828.610000000,3980.020000000,7310.591010570000
2017-09-01,3980.070000000,4155.000000000,3946.460000000,4139.900000000,8411.465207260000
2017-09-02,4139.070000000,4173.850000000,3815.100000000,3894.700000000,11504.625261380000
2017-09-03,3894.700000000,4012.160000000,3748.000000000,3926.660000000,8550.352865900000
2017-09-04,3921.730000000,3939.000000000,3463.100000000,3663.820000000,18149.829151960000
2017-09-05,3655.240000000,3830.000000000,3498.190000000,3778.150000000,12765.415632500000
2017-09-06,3779.430000000,3948.000000000,3762.500000000,3903.900000000,9005.184604950000
2017-09-07,3903.900000000,3939.900000000,3811.000000000,3865.500000000,6027.524029510000
2017-09-08,3864.100000000,3906.000000000,3496.000000000,3664.100000000,10543.471955890000
2017-09-09,3664.600000000,3734.700000000,3520.000000000,3629.200000000,5133.052689200000
2017-09-10,3629.200000000,3664.900000000,3420.000000000,3581.100000000,6770.397960900000
2017-09-11,3581.100000000,3685.300000000,3501.000000000,3552.600000000,6638.119421690000
2017-09-12,3547.000000000,3700.000000000,3465.000000000,3490.000000000,8289.905406100000
2017-09-13,3482.500000000,3495.000000000,3128.500000000,3240.900000000,18361.053764730000
2017-09-14,3240.900000000,3291.400000000,2712.170000000,2742.800000000,26526.206645280000
2017-09-15,2742.800000000,3248.900000000,2491.690000000,3161.900000000,34096.788114660000
2017-09-16,3160.000000000,3300.000000000,3000.100000000,3127.100000000,13386.249148900000
2017-09-17,3126.800000000,3207.900000000,2925.000000000,3113.600000000,7093.043290430000
2017-09-18,3113.900000000,3470.000000000,3113.000000000,3453.800000000,13222.588064310000
2017-09-19,3457.500000000,3468.000000000,3210.000000000,3267.600000000,10040.615171090000
2017-09-20,3267.100000000,3370.900000000,3207.000000000,3240.000000000,7616.108009390000
2017-09-21,3251.700000000,3295.400000000,3001.000000000,3037.000000000,11028.659969590000
2017-09-22,3037.000000000,3150.000000000,2944.900000000,3048.300000000,9352.209556800000
2017-09-23,3048.300000000,3205.200000000,3011.000000000,3176.000000000,5416.864937350000
2017-09-24,3177.200000000,3177.200000000,3056.300000000,3082.700000000,3501.032169390000
2017-09-25,3082.700000000,3360.000000000,3082.600000000,3310.000000000,8337.625429090000
2017-09-26,3310.000000000,3369.900000000,3246.000000000,3276.600000000,7142.348519400000
2017-09-27,3271.500000000,3588.500000000,3265.000000000,3565.000000000,9184.852937960000
2017-09-28,3565.000000000,3625.900000000,3487.200000000,3538.500000000,7851.080948600000
2017-09-29,3538.500000000,3567.000000000,3406.000000000,3502.700000000,5858.26262018-0000
2017-09-30,3502.700000000,3675.000000000,3500.000000000,3659.000000000,4971.962279660000
2017-10-01,3659.000000000,3688.900000000,3571.800000000,3688.900000000,3987.428820930000
2017-10-02,3688.900000000,3789.000000000,3688.000000000,3728.600000000,7278.879719990000
2017-10-03,3728.700000000,3764.000000000,3601.200000000,3670.000000000,6400.795136970000
2017-10-04,3670.000000000,3691.600000000,3556.600000000,3594.900000000,4860.103257760000
2017-10-05,3595.000000000,3721.200000000,3533.100000000,3679.000000000,6255.788919160000
2017-10-06,3679.000000000,3770.000000000,3668.100000000,3705.500000000,4529.877803520000
2017-10-07,3705.900000000,3785.000000000,3670.000000000,3769.700000000,2919.580608170000
2017-10-08,3762.100000000,3889.900000000,3747.700000000,3876.400000000,4380.732540330000
2017-10-09,3880.100000000,4120.000000000,3856.300000000,4040.000000000,9256.466327670000
2017-10-10,4040.000000000,4145.000000000,3982.200000000,4012.000000000,6379.029193700000
2017-10-11,4012.000000000,4100.000000000,3980.200000000,4056.900000000,4722.979623990000
2017-10-12,4056.800000000,4537.000000000,4050.100000000,4534.500000000,13447.373957650000
2017-10-13,4535.000000000,4854.360000000,4490.500000000,4730.000000000,12096.009304160000
2017-10-14,4730.800000000,4880.000000000,4674.000000000,4879.900000000,4509.209216870000
2017-10-15,4879.900000000,4899.000000000,4575.900000000,4770.000000000,7753.884387600000
2017-10-16,4770.100000000,4865.000000000,4700.500000000,4849.900000000,5602.838464990000
2017-10-17,4848.600000000,4849.600000000,4710.000000000,4754.100000000,5259.899672980000
2017-10-18,4755.900000000,4759.900000000,4390.400000000,4750.000000000,9715.124208140000
2017-10-19,4749.900000000,4838.000000000,4696.000000000,4806.800000000,5904.514700270000
2017-10-20,4808.600000000,5140.000000000,4761.400000000,5069.000000000,7897.889090800000
2017-10-21,5069.000000000,5245.000000000,5010.000000000,5110.100000000,6742.945938150000
2017-10-22,5110.300000000,5188.600000000,4900.000000000,5089.300000000,4674.792380980000
2017-10-23,5089.300000000,5149.000000000,4869.000000000,5007.300000000,8390.514616730000
2017-10-24,5006.900000000,5010.700000000,4651.500000000,4699.200000000,9208.963992320000
2017-10-25,4699.200000000,4883.700000000,4600.000000000,4876.800000000,7693.679472210000
2017-10-26,4879.900000000,5099.500000000,4815.700000000,5050.900000000,6029.214099700000
2017-10-27,5059.000000000,5119.900000000,4945.000000000,4988.800000000,4889.298140170000
2017-10-28,4988.600000000,5064.400000000,4891.000000000,4940.100000000,3097.113607740000
2017-10-29,4940.100000000,5305.000000000,4901.100000000,5275.000000000,6823.779460740000
2017-10-30,5268.700000000,5335.900000000,5190.000000000,5255.400000000,6076.319842740000
2017-10-31,5255.400000000,5550.000000000,5228.300000000,5535.000000000,6972.476423820000
2017-11-01,5532.600000000,5930.000000000,5450.000000000,5799.900000000,10838.583292560000
2017-11-02,5799.900000000,6310.000000000,5796.700000000,6010.500000000,11519.695315580000
2017-11-03,6018.000000000,6371.000000000,5922.100000000,6161.900000000,9651.866727450000
2017-11-04,6152.500000000,6401.000000000,6016.100000000,6323.400000000,5334.805065510000
2017-11-05,6323.400000000,6539.200000000,6265.600000000,6352.500000000,5085.717487500000
2017-11-06,6354.900000000,6432.000000000,5905.000000000,6000.000000000,9700.538950960000
2017-11-07,6000.000000000,6280.000000000,5990.400000000,6122.800000000,5705.189590410000
2017-11-08,6123.100000000,6699.700000000,6070.100000000,6452.700000000,9931.183132210000
2017-11-09,6452.700000000,6466.000000000,6000.000000000,6173.000000000,8982.355399520000
2017-11-10,6177.600000000,6338.000000000,5410.000000000,5602.100000000,20285.635863030000
2017-11-11,5587.000000000,5800.000000000,4940.000000000,5359.600000000,12458.771051090000
2017-11-12,5358.000000000,5532.100000000,4650.000000000,5000.000000000,17859.922475550000
2017-11-13,5000.000000000,5838.000000000,4923.500000000,5629.100000000,12718.187117030000
2017-11-14,5627.500000000,5797.300000000,5581.100000000,5682.000000000,6929.101534440000
2017-11-15,5682.000000000,6240.000000000,5680.100000000,6214.900000000,10321.867870710000
2017-11-16,6205.000000000,6700.000000000,6100.000000000,6642.000000000,9039.904527390000
2017-11-17,6633.200000000,6799.000000000,6475.000000000,6551.000000000,9431.090363380000
2017-11-18,6551.000000000,6644.900000000,6320.200000000,6579.800000000,4530.288139340000
2017-11-19,6579.800000000,6799.000000000,6450.000000000,6772.200000000,5356.526446860000
2017-11-20,6772.100000000,6990.000000000,6710.000000000,6944.800000000,5550.614207780000
2017-11-21,6944.800000000,7115.000000000,6710.000000000,6890.800000000,7884.335059260000
2017-11-22,6897.800000000,7085.000000000,6890.000000000,6977.500000000,3964.704003940000
2017-11-23,6977.600000000,7011.000000000,6770.000000000,6775.000000000,4822.893659580000
2017-11-24,6775.000000000,7030.000000000,6670.000000000,6899.300000000,5797.503168320000
2017-11-25,6892.400000000,7248.500000000,6838.600000000,7240.000000000,4961.785295890000
2017-11-26,7240.000000000,7755.800000000,7240.000000000,7594.000000000,5719.155294330000
2017-11-27,7594.000000000,8084.800000000,7571.400000000,8074.500000000,7643.306681680000
2017-11-28,8061.100000000,8397.000000000,8011.000000000,8309.100000000,6761.327993740000
2017-11-29,8290.900000000,9500.000000000,7440.300000000,8383.100000000,18776.184795880000
2017-11-30,8383.100000000,9063.700000000,7710.900000000,8462.000000000,12577.632137830000
2017-12-01,8462.000000000,9225.000000000,8100.000000000,9149.500000000,8653.805979390000
2017-12-02,9147.700000000,9375.000000000,8922.300000000,9175.300000000,4708.875754200000
2017-12-03,9175.000000000,9687.700000000,8955.000000000,9311.000000000,6793.721926210000
2017-12-04,9311.000000000,9677.000000000,9202.300000000,9675.000000000,6004.599145720000
2017-12-05,9675.000000000,9990.000000000,9201.900000000,9900.300000000,5477.604726880000
2017-12-06,9900.300000000,11748.800000000,9201.170000000,11450.000000000,10069.719815090000
2017-12-07,11430.500000000,13779.000000000,11260.000000000,13760.100000000,11364.907867010000
2017-12-08,13775.000000000,14238.800000000,11901.300000000,13297.900000000,9239.756065980000
2017-12-09,13296.400000000,13400.000000000,10950.000000000,12215.400000000,6073.820683370000
2017-12-10,12258.900000000,12974.000000000,10775.000000000,12300.000000000,7975.287294230000
2017-12-11,12300.000000000,14372.700000000,12300.000000000,13651.500000000,6627.490887470000
2017-12-12,13655.100000000,14290.000000000,13161.500000000,13770.000000000,5884.150266410000
2017-12-13,13699.900000000,14050.000000000,13000.000000000,13250.100000000,5431.981535790000
2017-12-14,13250.000000000,13846.000000000,13000.000000000,13661.500000000,4265.257326580000
2017-12-15,13648.900000000,14977.000000000,13615.000000000,14660.000000000,4732.052337970000
2017-12-16,14660.000000000,16310.400000000,14503.100000000,16135.600000000,4812.981281830000
2017-12-17,16135.600000000,16323.000000000,15284.000000000,15601.000000000,4690.985337500000
2017-12-18,15680.900000000,15866.000000000,14980.000000000,15767.200000000,5079.259103420000
2017-12-19,15767.200000000,15800.100000000,14466.000000000,14994.200000000,7494.612675590000
2017-12-20,14994.200000000,15284.000000000,13329.000000000,13898.500000000,8971.058647020000
2017-12-21,13897.200000000,14554.900000000,11040.000000000,12587.500000000,9150.560999960000
2017-12-22,12533.800000000,12829.200000000,8915.600000000,11615.900000000,17146.096138770000
2017-12-23,11615.900000000,13173.900000000,11450.000000000,12339.000000000,6394.231359570000
2017-12-24,12344.800000000,12405.700000000,10500.000000000,11775.000000000,6433.401158020000
2017-12-25,11775.000000000,12298.000000000,11184.800000000,11685.800000000,4370.343275340000
2017-12-26,11685.700000000,13490.000000000,11527.000000000,13161.900000000,5759.315831070000
2017-12-27,13134.900000000,13596.000000000,12276.000000000,13010.000000000,6209.114597830000
2017-12-28,13010.000000000,13100.000000000,11721.800000000,12290.000000000,7092.361260160000
2017-12-29,12251.300000000,12689.600000000,11989.000000000,12258.800000000,4905.050661760000
2017-12-30,12258.900000000,12311.600000000,10438.200000000,10654.400000000,8542.232891430000
2017-12-31,10606.100000000,12180.000000000,10520.600000000,11993.600000000,5102.737296230000
2018-01-01,11993.600000000,11995.200000000,11090.000000000,11350.000000000,3683.187439490000
2018-01-02,11359.100000000,12746.000000000,10905.000000000,12299.800000000,6820.728096380000
2018-01-03,12299.800000000,12887.000000000,12290.000000000,12660.000000000,4919.664762190000
2018-01-04,12643.300000000,12819.200000000,12000.000000000,12750.400000000,5884.940851880000
2018-01-05,12750.400000000,14480.000000000,12412.100000000,14297.600000000,6933.182530840000
2018-01-06,14297.400000000,14333.800000000,13501.000000000,14184.000000000,4159.696979060000
2018-01-07,14184.000000000,14199.700000000,13039.800000000,13237.200000000,3916.302169360000
2018-01-08,13208.600000000,13287.300000000,11605.000000000,12648.700000000,6843.762924140000
2018-01-09,12635.100000000,12768.600000000,11961.800000000,12072.900000000,5723.383168880000
2018-01-10,12072.900000000,12400.000000000,11200.000000000,12399.000000000,7541.680834190000
2018-01-11,12360.100000000,12426.100000000,11001.000000000,11420.000000000,1746.510739280000
2018-01-13,20000.000000000,20000.000000000,10892.000000000,11764.800000000,2377.406413280000
2018-01-14,11764.800000000,12617.000000000,6256.200000000,11297.900000000,5825.272158960000
2018-01-15,11296.400000000,11932.500000000,11067.000000000,11150.000000000,6508.832837000000
2018-01-16,11150.300000000,11934.700000000,8227.100000000,9370.000000000,21955.009957590000
2018-01-17,9370.100000000,9800.000000000,7506.100000000,9250.000000000,24080.579293520000
2018-01-18,9210.000000000,10140.000000000,8901.100000000,9360.100000000,16218.471400750000
2018-01-19,9360.000000000,9999.000000000,9127.000000000,9574.000000000,9762.676396640000
2018-01-20,9581.500000000,10735.000000000,9537.800000000,10511.900000000,9775.100562030000
2018-01-21,10521.900000000,10521.900000000,9200.100000000,9540.200000000,12202.545190160000
2018-01-22,9540.200000000,9855.000000000,8200.900000000,8861.300000000,14887.234435650000
2018-01-23,8861.300000000,9357.200000000,8166.100000000,8833.700000000,13798.465644480000
2018-01-24,8827.000000000,9379.700000000,8510.100000000,9225.000000000,10369.702411910000
2018-01-25,9224.100000000,9460.000000000,8850.000000000,9005.700000000,8847.752898370000
2018-01-26,9005.000000000,9360.000000000,8400.000000000,8964.100000000,15338.442619910000
2018-01-27,8960.100000000,9334.200000000,8763.100000000,9172.200000000,10733.056318240000
2018-01-28,9172.200000000,9550.000000000,9117.800000000,9377.200000000,10451.563080900000
2018-01-29,9384.000000000,9438.500000000,8920.000000000,9020.200000000,8809.991878250000
2018-01-30,9032.000000000,9061.100000000,7900.000000000,8075.000000000,20996.659971410000
2018-01-31,8073.000000000,8305.600000000,7737.000000000,8147.800000000,17309.355499610000
2018-02-01,8137.400000000,8184.600000000,6760.000000000,7163.100000000,23811.595153130000
2018-02-02,7170.700000000,7399.000000000,6001.000000000,7088.700000000,37767.997644740000
2018-02-03,7089.300000000,7653.900000000,6525.200000000,7436.900000000,13717.141137060000
2018-02-04,7435.000000000,7543.800000000,6176.000000000,6518.000000000,19355.649898240000
2018-02-05,6524.900000000,6709.000000000,5261.000000000,5436.200000000,36539.908306780000
2018-02-06,5430.900000000,6457.000000000,4700.000000000,6197.800000000,51627.215384810000
2018-02-07,6191.400000000,7035.000000000,5782.500000000,6168.600000000,27174.304277070000
2018-02-08,6168.300000000,7100.000000000,6150.000000000,6750.800000000,17048.133708910000
2018-02-09,6759.800000000,7165.700000000,6360.000000000,7079.400000000,14947.283420330000
2018-02-10,7079.400000000,7433.800000000,6600.000000000,6992.000000000,14977.963724610000
2018-02-11,6990.600000000,6991.900000000,6416.400000000,6596.800000000,9802.037209030000
2018-02-12,6596.800000000,7300.000000000,6587.000000000,7240.600000000,11330.419643360000
2018-02-13,7234.300000000,7277.300000000,6820.000000000,6910.000000000,9839.283396530000
2018-02-14,6910.000000000,7649.600000000,6910.000000000,7625.800000000,12976.000088050000
2018-02-15,7625.800000000,8197.800000000,7522.100000000,8056.600000000,16597.152460850000
2018-02-16,8056.600000000,8250.000000000,7800.000000000,8192.400000000,11541.336359360000
2018-02-17,8192.500000000,8999.000000000,8119.900000000,8965.000000000,10825.969320830000
2018-02-18,8965.000000000,9150.000000000,8237.900000000,8420.700000000,12784.501474260000
2018-02-19,8424.300000000,9079.900000000,8364.000000000,9017.700000000,9943.859669910000
2018-02-20,9017.700000000,9580.000000000,9009.100000000,9119.800000000,13885.045608460000
2018-02-21,9143.200000000,9180.000000000,8315.000000000,8515.000000000,17428.547766940000
2018-02-22,8514.800000000,8963.000000000,7861.500000000,7977.800000000,19314.161154080000
2018-02-23,7978.000000000,8500.000000000,7761.800000000,8253.000000000,13345.551012260000
2018-02-24,8253.000000000,8563.000000000,7605.000000000,7879.700000000,13306.309419920000
2018-02-25,7875.000000000,8040.700000000,7563.900000000,7777.700000000,7777.354450350000
2018-02-26,7778.200000000,8500.000000000,7624.000000000,8362.600000000,13728.174938330000
2018-02-27,8362.600000000,8839.300000000,8217.000000000,8609.000000000,9450.735478440000
2018-02-28,8610.100000000,9035.100000000,8409.100000000,8430.000000000,9488.472345420000
2018-03-01,8429.900000000,8997.000000000,8350.200000000,8853.800000000,8406.229773310000
2018-03-02,8853.800000000,9079.000000000,8750.000000000,8940.900000000,7909.015571890000
2018-03-03,8940.300000000,9297.000000000,8925.600000000,9222.300000000,6204.727197940000
2018-03-04,9229.900000000,9295.000000000,8930.000000000,9283.400000000,6118.683562300000
2018-03-05,9285.400000000,9449.900000000,9062.800000000,9259.900000000,7634.954002270000
2018-03-06,9250.000000000,9254.000000000,8500.000000000,8625.000000000,11169.059468080000
2018-03-07,8622.900000000,8788.100000000,7620.000000000,8030.900000000,16714.404777800000
2018-03-08,8032.800000000,8255.700000000,7371.600000000,7549.100000000,14903.131737180000
2018-03-09,7549.000000000,7642.600000000,6800.700000000,7520.000000000,21332.585079550000
2018-03-10,7520.000000000,7771.900000000,7070.100000000,7139.700000000,11509.962507460000
2018-03-11,7140.000000000,7911.400000000,6820.000000000,7743.300000000,15058.636910170000
2018-03-12,7748.600000000,8062.000000000,7103.600000000,7407.400000000,15003.036161540000
2018-03-13,7411.100000000,7698.400000000,7136.000000000,7406.300000000,11681.648542970000
2018-03-14,7406.300000000,7583.200000000,6415.000000000,6624.000000000,18073.860004370000
2018-03-15,6624.100000000,6850.000000000,6220.000000000,6732.000000000,18580.547368000000
2018-03-16,6732.000000000,7025.200000000,6441.600000000,6727.000000000,13130.113687450000
2018-03-17,6727.000000000,6876.100000000,6271.900000000,6390.800000000,10512.014501440000
2018-03-18,6386.300000000,6770.000000000,5931.000000000,6680.500000000,15976.535538010000
2018-03-19,6683.200000000,7111.400000000,6535.200000000,6969.900000000,14713.848908810000
2018-03-20,6969.800000000,7428.200000000,6743.300000000,7295.500000000,12358.207905280000
2018-03-21,7295.900000000,7495.000000000,7154.100000000,7213.200000000,10153.293923430000
2018-03-22,7212.200000000,7364.700000000,6901.000000000,7072.900000000,9108.656073570000
2018-03-23,7078.700000000,7247.000000000,6719.000000000,7245.100000000,9796.578761440000
2018-03-24,7245.000000000,7322.000000000,6880.000000000,6924.000000000,5394.708059630000
2018-03-25,6924.000000000,7074.700000000,6805.000000000,6868.100000000,5122.707704850000
2018-03-26,6865.600000000,6899.700000000,6325.000000000,6548.900000000,9666.387239610000
2018-03-27,6551.900000000,6618.600000000,6227.000000000,6305.500000000,8927.514577190000
2018-03-28,6305.100000000,6562.100000000,6247.600000000,6440.700000000,6607.543330300000
2018-03-29,6445.100000000,6467.500000000,5611.000000000,5741.000000000,16930.880451590000
2018-03-30,5741.000000000,5915.000000000,5250.000000000,5528.000000000,19312.927806580000
2018-03-31,5526.000000000,5842.000000000,5503.900000000,5615.000000000,8518.993531880000
2018-04-01,5616.700000000,5704.400000000,5250.000000000,5523.900000000,11083.904708610000
2018-04-02,5524.000000000,5774.200000000,5379.000000000,5733.700000000,9120.985752080000
2018-04-03,5733.700000000,6773.900300000,5710.000000000,6049.000000000,9852.941974440000
2018-04-04,6048.900000000,6055.400000000,5450.000000000,5528.200000000,11644.217998340000
2018-04-05,5526.800000000,5668.200000000,5338.800000000,5520.700000000,10103.432512970000
2018-04-06,5521.200000000,5600.700000000,5303.000000000,5394.100000000,7505.203838540000
2018-04-07,5391.000000000,5729.500000000,5381.400000000,5608.200000000,5811.158856870000
2018-04-08,5608.200000000,5789.800000000,5589.000000000,5714.600000000,3610.092582150000
2018-04-09,5721.300000000,5850.900000000,5375.000000000,5500.000000000,8943.703069550000
2018-04-10,5505.400000000,5569.900000000,5405.300000000,5526.800000000,4888.081270390000
2018-04-11,5526.900000000,5637.600000000,5505.000000000,5603.800000000,4258.382523430000
2018-04-12,5607.300000000,6499.900000000,5475.000000000,6423.100000000,14005.128302070000
2018-04-13,6423.000000000,6687.800000000,6287.100000000,6388.000000000,12052.477664620000
2018-04-14,6394.700000000,6625.000000000,6351.000000000,6502.500000000,4971.916498980000
2018-04-15,6502.800000000,6833.000000000,6502.700000000,6780.000000000,5509.280271970000
2018-04-16,6778.900000000,6823.000000000,6375.800000000,6503.700000000,7000.693506350000
2018-04-17,6501.900000000,6601.000000000,6326.400000000,6390.500000000,6170.484339660000
2018-04-18,6383.200000000,6659.800000000,6365.900000000,6597.500000000,5436.760945450000
2018-04-19,6597.500000000,6743.100000000,6535.100000000,6724.000000000,5899.333616440000
2018-04-20,6714.000000000,7268.000000000,6676.000000000,7226.800000000,9578.981762610000
2018-04-21,7226.900000000,7381.900000000,7015.000000000,7268.400000000,6214.581224340000
2018-04-22,7264.900000000,7389.700000000,7051.000000000,7170.900000000,5604.819222350000
2018-04-23,7166.900000000,7355.000000000,7150.900000000,7316.700000000,4695.388702470000
2018-04-24,7316.700000000,7950.000000000,7310.700000000,7893.700000000,10769.656396390000
2018-04-25,7892.000000000,7980.300000000,7119.600000000,7271.300000000,12657.566664410000
2018-04-26,7271.000000000,7662.400000000,7093.000000000,7650.800000000,8641.286741980000
2018-04-27,7650.800000000,7773.400000000,7340.900000000,7360.500000000,6278.071305910000
2018-04-28,7360.500000000,7789.000000000,7314.000000000,7690.700000000,5947.322299540000
2018-04-29,7692.600000000,7844.000000000,7576.000000000,7749.000000000,4421.534419670000
2018-04-30,7748.900000000,7779.000000000,7520.400000000,7640.600000000,4154.290851400000
2018-05-01,7640.600000000,7643.500000000,7331.000000000,7541.000000000,5852.883215920000
2018-05-02,7541.100000000,7736.200000000,7477.000000000,7695.600000000,4781.067667570000
2018-05-03,7695.600000000,8171.700000000,7625.300000000,8098.000000000,7587.569757090000
2018-05-04,8097.800000000,8160.000000000,7907.000000000,8070.000000000,4356.993897670000
2018-05-05,8074.800000000,8311.400000000,8050.000000000,8183.400000000,5226.650412340000
2018-05-06,8184.700000000,8252.200000000,7775.000000000,8016.800000000,4569.513340180000
2018-05-07,8015.200000000,8026.200000000,7702.000000000,7852.000000000,5540.055601550000
2018-05-08,7849.400000000,7929.800000000,7584.300000000,7730.500000000,4906.663164690000
2018-05-09,7726.600000000,7899.000000000,7575.000000000,7846.800000000,4308.204104420000
2018-05-10,7850.800000000,7911.200000000,7550.200000000,7570.000000000,4231.568789340000
2018-05-11,7570.000000000,7570.400000000,6974.700000000,7035.000000000,8802.551259610000
2018-05-12,7036.100000000,7239.600000000,6881.000000000,7093.000000000,6270.226156230000
2018-05-13,7095.000000000,7342.100000000,6968.800000000,7272.000000000,4468.680002320000
2018-05-14,7271.100000000,7433.000000000,6919.800000000,7264.000000000,7688.602370270000
2018-05-15,7264.100000000,7419.700000000,7114.400000000,7167.300000000,4954.014731850000
2018-05-16,7167.400000000,7183.300000000,6870.500000000,7065.000000000,6644.883470810000
2018-05-17,7063.600000000,7163.300000000,6767.000000000,6844.100000000,5342.879384090000
2018-05-18,6844.200000000,7033.200000000,6722.400000000,6999.300000000,5322.690534960000
2018-05-19,6999.000000000,7143.300000000,6940.200000000,6992.500000000,2581.840931900000
2018-05-20,6992.700000000,7295.100000000,6941.000000000,7235.400000000,2938.712653660000
2018-05-21,7233.800000000,7299.000000000,7060.100000000,7126.200000000,3823.313499050000
2018-05-22,7124.500000000,7128.900000000,6755.600000000,6785.000000000,5385.605334210000
2018-05-23,6785.000000000,6829.900000000,6371.900000000,6413.300000000,9436.381012270000
2018-05-24,6421.600000000,6609.600000000,6182.800000000,6472.600000000,7297.621113000000
2018-05-25,6473.200000000,6541.300000000,6260.000000000,6414.000000000,5296.393336200000
2018-05-26,6413.400000000,6554.000000000,6258.600000000,6289.700000000,3017.383413800000
2018-05-27,6290.000000000,6343.000000000,6200.200000000,6268.000000000,2657.716193060000
2018-05-28,6275.600000000,6340.000000000,6069.200000000,6105.400000000,4958.321573590000
2018-05-29,6103.400000000,6532.000000000,6066.000000000,6464.400000000,8108.326860390000
2018-05-30,6470.000000000,6549.900000000,6250.000000000,6335.200000000,4602.217314190000
2018-05-31,6335.100000000,6504.800000000,6302.500000000,6399.900000000,4029.468991260000
2018-06-01,6399.200000000,6499.900000000,6300.100000000,6435.800000000,3470.743053580000
2018-06-02,6436.000000000,6595.000000000,6380.800000000,6539.100000000,3090.335413120000
2018-06-03,6539.000000000,6651.600000000,6487.900000000,6605.400000000,3017.183324790000
2018-06-04,6605.400000000,6637.600000000,6359.900000000,6408.400000000,4158.631298170000
2018-06-05,6406.300000000,6538.000000000,6300.200000000,6505.300000000,4674.421250910000
2018-06-06,6496.500000000,6542.900000000,6367.700000000,6499.300000000,4309.557701510000
2018-06-07,6499.400000000,6578.100000000,6474.000000000,6515.100000000,2500.854947190000